"year","plot","density","densityT1","lambda","total1","total1T1","lambda1","trt","species"
"2016","1",0,1,Inf,1,2,2,"irrigated","Plectritis"
"2017","1",1,32,32,2,33,16.5,"irrigated","Plectritis"
"2018","1",32,48,1.5,33,49,1.48484848484848,"irrigated","Plectritis"
"2019","1",48,60,1.25,49,61,1.24489795918367,"irrigated","Plectritis"
"2020","1",60,548,9.13333333333333,61,549,9,"irrigated","Plectritis"
"2021","1",548,308,0.562043795620438,549,309,0.562841530054645,"irrigated","Plectritis"
"2022","1",308,272,0.883116883116883,309,273,0.883495145631068,"irrigated","Plectritis"
"2023","1",272,504,1.85294117647059,273,505,1.84981684981685,"irrigated","Plectritis"
"2024","1",504,268,0.531746031746032,505,269,0.532673267326733,"irrigated","Plectritis"
"2025","1",268,256,0.955223880597015,269,257,0.955390334572491,"irrigated","Plectritis"
"2026","1",256,NA,NA,257,NA,NA,"irrigated","Plectritis"
"2016","10",0,0,NA,1,1,1,"drought","Plectritis"
"2017","10",0,3,Inf,1,4,4,"drought","Plectritis"
"2018","10",3,10,3.33333333333333,4,11,2.75,"drought","Plectritis"
"2019","10",10,14,1.4,11,15,1.36363636363636,"drought","Plectritis"
"2020","10",14,34,2.42857142857143,15,35,2.33333333333333,"drought","Plectritis"
"2021","10",34,18,0.529411764705882,35,19,0.542857142857143,"drought","Plectritis"
"2022","10",18,38,2.11111111111111,19,39,2.05263157894737,"drought","Plectritis"
"2023","10",38,23,0.605263157894737,39,24,0.615384615384615,"drought","Plectritis"
"2024","10",23,10,0.434782608695652,24,11,0.458333333333333,"drought","Plectritis"
"2025","10",10,20,2,11,21,1.90909090909091,"drought","Plectritis"
"2026","10",20,NA,NA,21,NA,NA,"drought","Plectritis"
"2016","11",0,3,Inf,1,4,4,"control","Plectritis"
"2017","11",3,6,2,4,7,1.75,"control","Plectritis"
"2018","11",6,10,1.66666666666667,7,11,1.57142857142857,"control","Plectritis"
"2019","11",10,14,1.4,11,15,1.36363636363636,"control","Plectritis"
"2020","11",14,32,2.28571428571429,15,33,2.2,"control","Plectritis"
"2021","11",32,5,0.15625,33,6,0.181818181818182,"control","Plectritis"
"2022","11",5,14,2.8,6,15,2.5,"control","Plectritis"
"2023","11",14,14,1,15,15,1,"control","Plectritis"
"2024","11",14,20,1.42857142857143,15,21,1.4,"control","Plectritis"
"2025","11",20,30,1.5,21,31,1.47619047619048,"control","Plectritis"
"2026","11",30,NA,NA,31,NA,NA,"control","Plectritis"
"2016","12",0,0,NA,1,1,1,"irrigated","Plectritis"
"2017","12",0,0,NA,1,1,1,"irrigated","Plectritis"
"2018","12",0,0,NA,1,1,1,"irrigated","Plectritis"
"2019","12",0,0,NA,1,1,1,"irrigated","Plectritis"
"2020","12",0,0,NA,1,1,1,"irrigated","Plectritis"
"2021","12",0,0,NA,1,1,1,"irrigated","Plectritis"
"2022","12",0,0,NA,1,1,1,"irrigated","Plectritis"
"2023","12",0,1,Inf,1,2,2,"irrigated","Plectritis"
"2024","12",1,0,0,2,1,0.5,"irrigated","Plectritis"
"2025","12",0,0,NA,1,1,1,"irrigated","Plectritis"
"2026","12",0,NA,NA,1,NA,NA,"irrigated","Plectritis"
"2016","13",0,4,Inf,1,5,5,"control","Plectritis"
"2017","13",4,6,1.5,5,7,1.4,"control","Plectritis"
"2018","13",6,8,1.33333333333333,7,9,1.28571428571429,"control","Plectritis"
"2019","13",8,21,2.625,9,22,2.44444444444444,"control","Plectritis"
"2020","13",21,25,1.19047619047619,22,26,1.18181818181818,"control","Plectritis"
"2021","13",25,11,0.44,26,12,0.461538461538462,"control","Plectritis"
"2022","13",11,26,2.36363636363636,12,27,2.25,"control","Plectritis"
"2023","13",26,105,4.03846153846154,27,106,3.92592592592593,"control","Plectritis"
"2024","13",105,127,1.20952380952381,106,128,1.20754716981132,"control","Plectritis"
"2025","13",127,58,0.456692913385827,128,59,0.4609375,"control","Plectritis"
"2026","13",58,NA,NA,59,NA,NA,"control","Plectritis"
"2016","14",0,0,NA,1,1,1,"drought","Plectritis"
"2017","14",0,0,NA,1,1,1,"drought","Plectritis"
"2018","14",0,0,NA,1,1,1,"drought","Plectritis"
"2019","14",0,0,NA,1,1,1,"drought","Plectritis"
"2020","14",0,12,Inf,1,13,13,"drought","Plectritis"
"2021","14",12,7,0.583333333333333,13,8,0.615384615384615,"drought","Plectritis"
"2022","14",7,23,3.28571428571429,8,24,3,"drought","Plectritis"
"2023","14",23,23,1,24,24,1,"drought","Plectritis"
"2024","14",23,87,3.78260869565217,24,88,3.66666666666667,"drought","Plectritis"
"2025","14",87,176,2.02298850574713,88,177,2.01136363636364,"drought","Plectritis"
"2026","14",176,NA,NA,177,NA,NA,"drought","Plectritis"
"2016","15",140,116,0.828571428571429,141,117,0.829787234042553,"drought","Plectritis"
"2017","15",116,216,1.86206896551724,117,217,1.85470085470085,"drought","Plectritis"
"2018","15",216,300,1.38888888888889,217,301,1.38709677419355,"drought","Plectritis"
"2019","15",300,100,0.333333333333333,301,101,0.335548172757475,"drought","Plectritis"
"2020","15",100,268,2.68,101,269,2.66336633663366,"drought","Plectritis"
"2021","15",268,248,0.925373134328358,269,249,0.925650557620818,"drought","Plectritis"
"2022","15",248,280,1.12903225806452,249,281,1.1285140562249,"drought","Plectritis"
"2023","15",280,136,0.485714285714286,281,137,0.487544483985765,"drought","Plectritis"
"2024","15",136,128,0.941176470588235,137,129,0.941605839416058,"drought","Plectritis"
"2025","15",128,304,2.375,129,305,2.36434108527132,"drought","Plectritis"
"2026","15",304,NA,NA,305,NA,NA,"drought","Plectritis"
"2016","2",4,6,1.5,5,7,1.4,"control","Plectritis"
"2017","2",6,48,8,7,49,7,"control","Plectritis"
"2018","2",48,16,0.333333333333333,49,17,0.346938775510204,"control","Plectritis"
"2019","2",16,40,2.5,17,41,2.41176470588235,"control","Plectritis"
"2020","2",40,43,1.075,41,44,1.07317073170732,"control","Plectritis"
"2021","2",43,15,0.348837209302326,44,16,0.363636363636364,"control","Plectritis"
"2022","2",15,28,1.86666666666667,16,29,1.8125,"control","Plectritis"
"2023","2",28,180,6.42857142857143,29,181,6.24137931034483,"control","Plectritis"
"2024","2",180,148,0.822222222222222,181,149,0.823204419889503,"control","Plectritis"
"2025","2",148,192,1.2972972972973,149,193,1.29530201342282,"control","Plectritis"
"2026","2",192,NA,NA,193,NA,NA,"control","Plectritis"
"2016","3",64,22,0.34375,65,23,0.353846153846154,"control","Plectritis"
"2017","3",22,176,8,23,177,7.69565217391304,"control","Plectritis"
"2018","3",176,240,1.36363636363636,177,241,1.36158192090395,"control","Plectritis"
"2019","3",240,160,0.666666666666667,241,161,0.66804979253112,"control","Plectritis"
"2020","3",160,304,1.9,161,305,1.8944099378882,"control","Plectritis"
"2021","3",304,204,0.671052631578947,305,205,0.672131147540984,"control","Plectritis"
"2022","3",204,540,2.64705882352941,205,541,2.6390243902439,"control","Plectritis"
"2023","3",540,580,1.07407407407407,541,581,1.07393715341959,"control","Plectritis"
"2024","3",580,148,0.255172413793103,581,149,0.256454388984509,"control","Plectritis"
"2025","3",148,236,1.59459459459459,149,237,1.59060402684564,"control","Plectritis"
"2026","3",236,NA,NA,237,NA,NA,"control","Plectritis"
"2016","4",0,0,NA,1,1,1,"irrigated","Plectritis"
"2017","4",0,4,Inf,1,5,5,"irrigated","Plectritis"
"2018","4",4,4,1,5,5,1,"irrigated","Plectritis"
"2019","4",4,36,9,5,37,7.4,"irrigated","Plectritis"
"2020","4",36,100,2.77777777777778,37,101,2.72972972972973,"irrigated","Plectritis"
"2021","4",100,66,0.66,101,67,0.663366336633663,"irrigated","Plectritis"
"2022","4",66,198,3,67,199,2.97014925373134,"irrigated","Plectritis"
"2023","4",198,344,1.73737373737374,199,345,1.73366834170854,"irrigated","Plectritis"
"2024","4",344,124,0.36046511627907,345,125,0.36231884057971,"irrigated","Plectritis"
"2025","4",124,200,1.61290322580645,125,201,1.608,"irrigated","Plectritis"
"2026","4",200,NA,NA,201,NA,NA,"irrigated","Plectritis"
"2016","5",164,396,2.41463414634146,165,397,2.40606060606061,"drought","Plectritis"
"2017","5",396,376,0.94949494949495,397,377,0.949622166246851,"drought","Plectritis"
"2018","5",376,1136,3.02127659574468,377,1137,3.0159151193634,"drought","Plectritis"
"2019","5",1136,232,0.204225352112676,1137,233,0.204925241864556,"drought","Plectritis"
"2020","5",232,328,1.41379310344828,233,329,1.41201716738197,"drought","Plectritis"
"2021","5",328,136,0.414634146341463,329,137,0.416413373860182,"drought","Plectritis"
"2022","5",136,208,1.52941176470588,137,209,1.52554744525547,"drought","Plectritis"
"2023","5",208,208,1,209,209,1,"drought","Plectritis"
"2024","5",208,160,0.769230769230769,209,161,0.770334928229665,"drought","Plectritis"
"2025","5",160,104,0.65,161,105,0.652173913043478,"drought","Plectritis"
"2026","5",104,NA,NA,105,NA,NA,"drought","Plectritis"
"2016","6",144,140,0.972222222222222,145,141,0.972413793103448,"irrigated","Plectritis"
"2017","6",140,124,0.885714285714286,141,125,0.886524822695035,"irrigated","Plectritis"
"2018","6",124,184,1.48387096774194,125,185,1.48,"irrigated","Plectritis"
"2019","6",184,212,1.15217391304348,185,213,1.15135135135135,"irrigated","Plectritis"
"2020","6",212,396,1.86792452830189,213,397,1.86384976525822,"irrigated","Plectritis"
"2021","6",396,92,0.232323232323232,397,93,0.234256926952141,"irrigated","Plectritis"
"2022","6",92,180,1.95652173913043,93,181,1.94623655913978,"irrigated","Plectritis"
"2023","6",180,180,1,181,181,1,"irrigated","Plectritis"
"2024","6",180,76,0.422222222222222,181,77,0.425414364640884,"irrigated","Plectritis"
"2025","6",76,116,1.52631578947368,77,117,1.51948051948052,"irrigated","Plectritis"
"2026","6",116,NA,NA,117,NA,NA,"irrigated","Plectritis"
"2016","7",72,60,0.833333333333333,73,61,0.835616438356164,"drought","Plectritis"
"2017","7",60,128,2.13333333333333,61,129,2.11475409836066,"drought","Plectritis"
"2018","7",128,288,2.25,129,289,2.24031007751938,"drought","Plectritis"
"2019","7",288,148,0.513888888888889,289,149,0.515570934256055,"drought","Plectritis"
"2020","7",148,328,2.21621621621622,149,329,2.20805369127517,"drought","Plectritis"
"2021","7",328,96,0.292682926829268,329,97,0.29483282674772,"drought","Plectritis"
"2022","7",96,280,2.91666666666667,97,281,2.89690721649485,"drought","Plectritis"
"2023","7",280,128,0.457142857142857,281,129,0.459074733096085,"drought","Plectritis"
"2024","7",128,96,0.75,129,97,0.751937984496124,"drought","Plectritis"
"2025","7",96,120,1.25,97,121,1.24742268041237,"drought","Plectritis"
"2026","7",120,NA,NA,121,NA,NA,"drought","Plectritis"
"2016","8",88,84,0.954545454545455,89,85,0.955056179775281,"control","Plectritis"
"2017","8",84,168,2,85,169,1.98823529411765,"control","Plectritis"
"2018","8",168,164,0.976190476190476,169,165,0.976331360946746,"control","Plectritis"
"2019","8",164,132,0.804878048780488,165,133,0.806060606060606,"control","Plectritis"
"2020","8",132,516,3.90909090909091,133,517,3.88721804511278,"control","Plectritis"
"2021","8",516,200,0.387596899224806,517,201,0.388781431334623,"control","Plectritis"
"2022","8",200,88,0.44,201,89,0.442786069651741,"control","Plectritis"
"2023","8",88,40,0.454545454545455,89,41,0.460674157303371,"control","Plectritis"
"2024","8",40,80,2,41,81,1.97560975609756,"control","Plectritis"
"2025","8",80,48,0.6,81,49,0.604938271604938,"control","Plectritis"
"2026","8",48,NA,NA,49,NA,NA,"control","Plectritis"
"2016","9",116,84,0.724137931034483,117,85,0.726495726495726,"irrigated","Plectritis"
"2017","9",84,124,1.47619047619048,85,125,1.47058823529412,"irrigated","Plectritis"
"2018","9",124,256,2.06451612903226,125,257,2.056,"irrigated","Plectritis"
"2019","9",256,120,0.46875,257,121,0.470817120622568,"irrigated","Plectritis"
"2020","9",120,328,2.73333333333333,121,329,2.71900826446281,"irrigated","Plectritis"
"2021","9",328,160,0.48780487804878,329,161,0.48936170212766,"irrigated","Plectritis"
"2022","9",160,64,0.4,161,65,0.403726708074534,"irrigated","Plectritis"
"2023","9",64,56,0.875,65,57,0.876923076923077,"irrigated","Plectritis"
"2024","9",56,80,1.42857142857143,57,81,1.42105263157895,"irrigated","Plectritis"
"2025","9",80,100,1.25,81,101,1.24691358024691,"irrigated","Plectritis"
"2026","9",100,NA,NA,101,NA,NA,"irrigated","Plectritis"
